{
  "top_features": [
    "mean.190.Engine.Speed.CAN0",
    "max.3242.Aftertreatment.1.Diesel.Particulate.Filter.Intake.Temperature",
    "mean.1761.Aftertreatment.1.Diesel.Exhaust.Fluid.Tank.Volume",
    "min.3242.Aftertreatment.1.Diesel.Particulate.Filter.Intake.Temperature",
    "min.244.Trip.Distance",
    "mean.4363.Aftertreatment.1.SCR.Outlet.Temperature",
    "min.190.Engine.Speed.CAN0",
    "sd.190.Engine.Speed.CAN0"
  ],
  "k_list": [
    0,
    1,
    2,
    3,
    5,
    8,
    13,
    21,
    34,
    55
  ],
  "prauc_vs_k": {
    "0": {
      "global": 0.737731471826819,
      "G1": 0.4989434647420269,
      "G2": 0.8464090188555828,
      "G3": 0.927460409052433
    },
    "1": {
      "global": 0.22055194737960757,
      "G1": 0.12762381707795326,
      "G2": 0.3349540680744319,
      "G3": 0.46569508665310744
    },
    "2": {
      "global": 0.06463052132067514,
      "G1": 0.045378032696283876,
      "G2": 0.11097243057681382,
      "G3": 0.0921498424920199
    },
    "3": {
      "global": 0.06587866567440794,
      "G1": 0.0469254992020672,
      "G2": 0.11181999748338184,
      "G3": 0.09233506987692852
    },
    "5": {
      "global": 0.035505786297088955,
      "G1": 0.03357867148073157,
      "G2": 0.03870445297254055,
      "G3": 0.04189327851740278
    },
    "8": {
      "global": 0.024867720247767483,
      "G1": 0.028164857663220227,
      "G2": 0.025396590419587837,
      "G3": 0.0195745686562546
    },
    "13": {
      "global": 0.013830623538562558,
      "G1": 0.016937852258552547,
      "G2": 0.014092972224430242,
      "G3": 0.010509335203823028
    },
    "21": {
      "global": 0.01346147924641843,
      "G1": 0.016730960615336517,
      "G2": 0.013395352363001363,
      "G3": 0.010569215794236952
    },
    "34": {
      "global": 0.013488480148535775,
      "G1": 0.016944315580230233,
      "G2": 0.013684944334246895,
      "G3": 0.010065875431138354
    },
    "55": {
      "global": 0.013414728315192914,
      "G1": 0.016785497459368273,
      "G2": 0.013761669035582957,
      "G3": 0.010013084447245666
    }
  },
  "base_prauc": 0.737731471826819,
  "k_under_half_gain": 1
}