{
  "MLP": [
    0.531742980213871,
    0.10005198402266602
  ],
  "_ref_supervise_arbres": [
    0.756,
    0.088
  ],
  "_hasard": [
    0.014579671435058117,
    0.0
  ],
  "GRU": [
    0.5655846064202017,
    0.08387634596197535
  ]
}