{
  "auc_roc": 0.9773094469874585,
  "pr_auc_oof": 0.7350363991600738,
  "base_rate": 0.014579671845133481
}