{
  "MLP_seeds": [
    0.5201455828429444,
    0.553605525295022,
    0.5594528010867993,
    0.5260130411498471,
    0.5548191043769349
  ],
  "GRU_seeds": [
    0.5496594717635668,
    0.5640859651133459,
    0.5946151191046883,
    0.6020855297973317,
    0.5434698944348479
  ],
  "MLP_mean_std": [
    0.5428072109503095,
    0.01633130965437321
  ],
  "GRU_mean_std": [
    0.5707831960427561,
    0.023600329360338675
  ],
  "gap_gru_minus_mlp": 0.027975985092446587,
  "significatif": "NON significatif (dans le bruit)"
}