{
  "coverage": {
    "1": {
      "can0_normal": 0.26269243367179823,
      "can0_attaque": 0.02081165452653486,
      "principal_normal": 0.8771892641760274,
      "principal_attaque": 0.9968782518210197
    },
    "2": {
      "can0_normal": 0.841755590989002,
      "can0_attaque": 0.0847682119205298,
      "principal_normal": 0.8977063657549368,
      "principal_attaque": 1.0
    },
    "3": {
      "can0_normal": 0.9114182919901533,
      "can0_attaque": 0.12208258527827648,
      "principal_normal": 0.9126869911001704,
      "principal_attaque": 1.0
    },
    "GLOBAL": {
      "can0_normal": 0.6700753113019027,
      "can0_attaque": 0.06687197536295644,
      "principal_normal": 0.8959245975694693,
      "principal_attaque": 0.9986801583809943
    }
  },
  "onset_profile": [
    0.7254901960784313,
    0.7254901960784313,
    0.7254901960784313,
    0.7254901960784313,
    0.7254901960784313,
    0.7254901960784313,
    0.7254901960784313,
    0.7254901960784313,
    0.7254901960784313,
    0.7254901960784313,
    0.7450980392156863,
    0.7450980392156863,
    0.7450980392156863,
    0.7450980392156863,
    0.0,
    0.0,
    0.0,
    0.0,
    0.0196078431372549,
    0.0196078431372549,
    0.0196078431372549
  ],
  "n_onsets": 51,
  "drivers_with_drop": [
    37,
    50
  ],
  "per_driver_drop_median_pts": {
    "1": 0.0,
    "2": 89.2620726880174,
    "3": 86.53800793395519
  },
  "detector_silence_can0": {
    "GLOBAL": {
      "pr_auc": 0.5313763634984444,
      "precision@0.4": 0.6825313807531381,
      "recall@0.4": 0.5741311042674879
    },
    "1": {
      "pr_auc": 0.2677189144836371,
      "precision@0.4": 0.5582329317269076,
      "recall@0.4": 0.2892819979188345
    },
    "2": {
      "pr_auc": 0.7405424146582531,
      "precision@0.4": 0.7619663648124192,
      "recall@0.4": 0.7801324503311259
    },
    "3": {
      "pr_auc": 0.7131795420735094,
      "precision@0.4": 0.6833073322932918,
      "recall@0.4": 0.7863554757630161
    }
  }
}