{
  "oof_prauc": 0.7350363991600738,
  "seuil_f1max": 0.8545135379981471,
  "precision_f1max": 0.8004257583821182,
  "rappel_f1max": 0.6616805983282006,
  "f1max": 0.7244701348742636,
  "table_seuils": [
    [
      0.5,
      0.9767364300219693,
      0.8848249027237354,
      0.5002199736031676,
      0.008242357378353068
    ],
    [
      0.7,
      0.6767870152628703,
      0.6480651731160896,
      0.6999560052793665,
      0.015747071878487767
    ],
    [
      0.8,
      0.19031080514768553,
      0.29289511841469307,
      0.7998240211174659,
      0.03981347256609922
    ],
    [
      0.9,
      0.024049666903245757,
      0.2173820654483638,
      0.9001319841619005,
      0.06037125886775025
    ]
  ],
  "lodo_mean": 0.8126063775024821,
  "lodo_std": 0.2697796029394103,
  "lodo_median": 0.9200945437245694,
  "lodo_min": 0.04921224180289965,
  "lodo_max": 0.9926035211247503,
  "lodo_par_conducteur": {
    "1_S1": 0.6301481448890636,
    "1_S2": 0.2863877909814144,
    "1_S3": 0.791719764645009,
    "1_S4": 0.04921224180289965,
    "1_S5": 0.7398581529223976,
    "1_S6": 0.8953402682493568,
    "1_S7": 0.12441802942022163,
    "1_S8": 0.7602106787739629,
    "1_S9": 0.721146506341489,
    "1_S10": 0.430340464970841,
    "1_S11": 0.07781187042859462,
    "1_S12": 0.10268675635969943,
    "1_S13": 0.9250354432388108,
    "1_S14": 0.8680512071069221,
    "1_S15": 0.9522577430968533,
    "1_S16": 0.9820779570994488,
    "1_S17": 0.9609622221920436,
    "2_S1": 0.24335106789273458,
    "2_S2": 0.9050719337937198,
    "2_S3": 0.988740296784899,
    "2_S4": 0.866456541464404,
    "2_S5": 0.9873097780226148,
    "2_S6": 0.8836652205620122,
    "2_S7": 0.9112619148281629,
    "2_S8": 0.867954211302915,
    "2_S9": 0.8402188190184852,
    "2_S10": 0.9323995100823308,
    "2_S11": 0.9743911908619093,
    "2_S12": 0.9733013668430333,
    "2_S13": 0.9774547435710215,
    "2_S14": 0.953798259169727,
    "2_S15": 0.9138626198572433,
    "2_S16": 0.9811365775492582,
    "3_S1": 0.9784291087124506,
    "3_S2": 0.970463691250288,
    "3_S3": 0.9476608704194909,
    "3_S4": 0.9603613228237031,
    "3_S5": 0.9424216634928646,
    "3_S6": 0.9707743385256061,
    "3_S7": 0.8878888125107407,
    "3_S8": 0.9103901892096846,
    "3_S9": 0.8976546104321846,
    "3_S10": 0.966534472459111,
    "3_S11": 0.9614434414589974,
    "3_S12": 0.9151536442103281,
    "3_S13": 0.9926035211247503,
    "3_S14": 0.9833791417580748,
    "3_S15": 0.9304818577648767,
    "3_S16": 0.9824408259663416,
    "3_S17": 0.9341980688811106
  },
  "top_signaux": {
    "190.Engine.Speed.CAN0": 0.41564776173636375,
    "3242.Aftertreatment.1.Diesel.Particulate.Filter.Intake.Temperature": 0.40756784664021767,
    "1761.Aftertreatment.1.Diesel.Exhaust.Fluid.Tank.Volume": 0.07537433313360391,
    "185.Engine.Average.Fuel.Economy": 0.0588380663619064,
    "245.Total.Vehicle.Distance": 0.03454397420537151,
    "4360.Aftertreatment.1.SCR.Intake.Temperature": 0.032943230393879884,
    "7319.Cruise.Control.Speed": 0.021674118342617493,
    "4363.Aftertreatment.1.SCR.Outlet.Temperature": 0.019792161154194944,
    "96.Fuel.Level.1": 0.017534962008933563,
    "1209.Engine.Exhaust.Bank.1.Pressure.1": 0.016851198348674917,
    "1136.Engine.ECU.Temperature": 0.01240528187357659,
    "1088.Service.Brake.Circuit.2.Air.Pressure": 0.011938829943062168,
    "3246.Aftertreatment.1.Diesel.Particulate.Filter.Outlet.Temperature": 0.011655631284354245,
    "641.Engine.Variable.Geometry.Turbocharger.Actuator..1": 0.00898698315964456,
    "3357.Actual.Maximum.Available.Engine...Percent.Torque": 0.007939079848749012
  }
}