{
  "lodo_par_groupe": {
    "1": [
      0.7398581529223976,
      0.6057450142658252,
      6,
      17
    ],
    "2": [
      0.923131064969787,
      0.8875233782252794,
      1,
      16
    ],
    "3": [
      0.9603613228237031,
      0.9489576224118002,
      0,
      17
    ]
  },
  "leave_one_group_out": {
    "1": 0.40894961690089915,
    "2": 0.7467161324478665,
    "3": 0.9301288379005891
  },
  "intra_groupe": {
    "1": [
      0.46221322537719683,
      0.1483755101291312
    ],
    "2": [
      0.6768040987552579,
      0.2599711316743399
    ],
    "3": [
      0.8975019070749767,
      0.04324439452134682
    ]
  },
  "signature_190": {
    "mean.190.Engine.Speed.CAN0": {
      "1": 0.7384546073455729,
      "2": 0.3004534330023863,
      "3": 0.3310155794342535
    },
    "mean.190.Engine.Speed": {
      "1": 0.1253201399691636,
      "2": 0.033915998565296424,
      "3": -0.47518017387882705
    },
    "sd.190.Engine.Speed.CAN0": {
      "1": 0.25925401916787993,
      "2": -0.17839719220005393,
      "3": -0.2839790036279585
    }
  },
  "duree_attaque_s": {
    "1": 56.529411764705884,
    "2": 47.1875,
    "3": 32.76470588235294
  },
  "robustesse_bruit": {
    "0.0": 0.6318885416174836,
    "0.05": 0.6139107956644869,
    "0.1": 0.5927511989805649,
    "0.25": 0.5618643944152261,
    "0.5": 0.49348412332119596
  }
}