{
  "IsolationForest": [
    0.01788253109412774,
    0.0027792695498333195
  ],
  "OneClassSVM": [
    0.02080625677779791,
    0.003320657477402474
  ],
  "PCA (reconstruction)": [
    0.018882091504636895,
    0.002351932289549145
  ],
  "Gaussienne diag.": [
    0.019613615483440185,
    0.0028241492512504104
  ],
  "_ref_supervise": [
    0.756,
    0.0
  ],
  "_hasard": [
    0.014579671845133481,
    0.0
  ]
}