{
  "model_LogReg": [
    0.40670644817280416,
    0.09984831416575514
  ],
  "model_SVM-lineaire": [
    0.3895909809495018,
    0.1411157220537983
  ],
  "model_RandomForest": [
    0.7088915979894421,
    0.11414982323844829
  ],
  "model_GradBoosting": [
    0.7556104887246384,
    0.08784558936500911
  ],
  "abl_CAN": [
    0.7556104887246384,
    0.08784558936500911
  ],
  "abl_CAN+BIO": [
    0.7492459937867192,
    0.09701797807872613
  ],
  "abl_BIO seul": [
    0.013937258584826964,
    0.0016183029087355066
  ],
  "abl_GPS (confondeur)": [
    0.8348691989730062,
    0.02573300718567356
  ]
}