{
  "G1": {
    "CAN": [
      0.4796913395595574,
      0.13917048832757906
    ],
    "BIO": [
      0.0210564936396744,
      0.003638601803132326
    ],
    "CAN+BIO": [
      0.45697268808606734,
      0.07571350635706013
    ]
  },
  "G2": {
    "CAN": [
      0.664711260125989,
      0.26164568432986346
    ],
    "BIO": [
      0.016427989664133374,
      0.004594083238929806
    ],
    "CAN+BIO": [
      0.7049622663114994,
      0.24391141681650527
    ]
  },
  "G3": {
    "CAN": [
      0.8994305943661776,
      0.04127330821590735
    ],
    "BIO": [
      0.012852072954311225,
      0.0035330177472460544
    ],
    "CAN+BIO": [
      0.9044053192875334,
      0.035451549255653816
    ]
  }
}