{
  "note": "SHAP indisponible (offline) -> dependances partielles sklearn",
  "signaux": {
    "mean.190.Engine.Speed.CAN0": {
      "x": [
        774.8677875000001,
        803.8496219827587,
        832.8314564655174,
        861.813290948276,
        890.7951254310345,
        919.7769599137932,
        948.7587943965518,
        977.7406288793104,
        1006.722463362069,
        1035.7042978448276,
        1064.6861323275862,
        1093.6679668103448,
        1122.6498012931036,
        1151.6316357758622,
        1180.6134702586207,
        1209.5953047413793,
        1238.577139224138,
        1267.5589737068967,
        1296.5408081896553,
        1325.522642672414,
        1354.5044771551725,
        1383.486311637931,
        1412.4681461206897,
        1441.4499806034482,
        1470.4318150862068,
        1499.4136495689654,
        1528.395484051724,
        1557.3773185344828,
        1586.3591530172414,
        1615.3409875
      ],
      "pd": [
        -6.685751150020482,
        -6.685751150020482,
        -6.685751150020482,
        -6.685751150020482,
        -6.684848093703974,
        -6.684848093703974,
        -6.684848093703974,
        -6.682536782112616,
        -6.682536782112616,
        -6.682536782112616,
        -6.682536782112616,
        -6.682536782112616,
        -6.682536782112616,
        -6.682536782112616,
        -6.682536782112616,
        -6.681458924342982,
        -6.681458924342982,
        -6.68636657557678,
        -6.68636657557678,
        -6.686630391020333,
        -6.691886078240432,
        -6.691886078240432,
        -6.691886078240432,
        -6.691886078240432,
        -6.691886078240432,
        -6.691886078240432,
        -6.689150966915179,
        -6.689150966915179,
        -6.689150966915179,
        -6.689150966915179
      ],
      "sens": "descend",
      "amplitude": 0.010427153897450303
    },
    "mean.3242.Aftertreatment.1.Diesel.Particulate.Filter.Intake.Temperature": {
      "x": [
        233.11296875,
        240.11362068965516,
        247.11427262931034,
        254.1149245689655,
        261.1155765086207,
        268.1162284482759,
        275.116880387931,
        282.1175323275862,
        289.11818426724136,
        296.11883620689656,
        303.1194881465517,
        310.1201400862069,
        317.1207920258621,
        324.12144396551724,
        331.12209590517244,
        338.1227478448276,
        345.1233997844828,
        352.1240517241379,
        359.1247036637931,
        366.12535560344827,
        373.12600754310347,
        380.12665948275867,
        387.1273114224138,
        394.12796336206895,
        401.12861530172415,
        408.12926724137935,
        415.1299191810345,
        422.1305711206897,
        429.13122306034484,
        436.13187500000004
      ],
      "pd": [
        -6.792827052034974,
        -6.792827052034974,
        -6.792827052034974,
        -6.792827052034974,
        -6.792827052034974,
        -6.792827052034974,
        -6.792827052034974,
        -6.792827052034974,
        -6.64009832251641,
        -6.64009832251641,
        -6.64009832251641,
        -6.64009832251641,
        -6.626828960117724,
        -6.591746175546985,
        -6.591746175546985,
        -6.528701351081067,
        -6.522199054406563,
        -6.522199054406563,
        -6.522199054406563,
        -6.522199054406563,
        -6.522199054406563,
        -6.522199054406563,
        -6.522199054406563,
        -6.522199054406563,
        -6.522199054406563,
        -6.522199054406563,
        -6.522199054406563,
        -6.522199054406563,
        -6.522199054406563,
        -6.522199054406563
      ],
      "sens": "monte",
      "amplitude": 0.2706279976284103
    },
    "mean.1761.Aftertreatment.1.Diesel.Exhaust.Fluid.Tank.Volume": {
      "x": [
        23.6,
        24.86896551724138,
        26.137931034482758,
        27.406896551724138,
        28.675862068965518,
        29.944827586206898,
        31.213793103448275,
        32.48275862068965,
        33.751724137931035,
        35.02068965517241,
        36.28965517241379,
        37.55862068965517,
        38.82758620689655,
        40.096551724137925,
        41.36551724137931,
        42.634482758620685,
        43.90344827586206,
        45.172413793103445,
        46.44137931034482,
        47.7103448275862,
        48.97931034482758,
        50.24827586206896,
        51.517241379310335,
        52.78620689655172,
        54.055172413793095,
        55.32413793103447,
        56.593103448275855,
        57.86206896551723,
        59.131034482758615,
        60.39999999999999
      ],
      "pd": [
        -6.6075692483404165,
        -6.636633797106107,
        -6.636633797106107,
        -6.631348851810228,
        -6.631348851810228,
        -6.631348851810228,
        -6.631348851810228,
        -6.631348851810228,
        -6.631348851810228,
        -6.631348851810228,
        -6.631348851810228,
        -6.631348851810228,
        -6.631348851810228,
        -6.631348851810228,
        -6.631348851810228,
        -6.631348851810228,
        -6.631348851810228,
        -6.6229807182912905,
        -6.6229807182912905,
        -6.6229807182912905,
        -6.6229807182912905,
        -6.6229807182912905,
        -6.657641294863254,
        -6.657641294863254,
        -6.657641294863254,
        -6.666064500731453,
        -6.666064500731453,
        -6.666064500731453,
        -6.666064500731453,
        -6.658104513546778
      ],
      "sens": "descend",
      "amplitude": 0.0584952523910367
    },
    "mean.185.Engine.Average.Fuel.Economy": {
      "x": [
        4.379296875,
        4.384893588362068,
        4.390490301724138,
        4.396087015086207,
        4.401683728448275,
        4.407280441810345,
        4.4128771551724135,
        4.418473868534482,
        4.424070581896552,
        4.4296672952586205,
        4.435264008620689,
        4.440860721982759,
        4.446457435344827,
        4.452054148706896,
        4.457650862068966,
        4.463247575431034,
        4.468844288793104,
        4.474441002155173,
        4.480037715517241,
        4.485634428879311,
        4.4912311422413795,
        4.496827855603448,
        4.502424568965518,
        4.5080212823275865,
        4.513617995689655,
        4.519214709051725,
        4.524811422413793,
        4.530408135775862,
        4.536004849137932,
        4.5416015625
      ],
      "pd": [
        -6.584572343156595,
        -6.584572343156595,
        -6.584572343156595,
        -6.584572343156595,
        -6.584572343156595,
        -6.584572343156595,
        -6.5795314567293195,
        -6.677845577830204,
        -6.677845577830204,
        -6.677845577830204,
        -6.677845577830204,
        -6.677845577830204,
        -6.677845577830204,
        -6.677845577830204,
        -6.677845577830204,
        -6.677845577830204,
        -6.677845577830204,
        -6.642803306253707,
        -6.642803306253707,
        -6.642803306253707,
        -6.642803306253707,
        -6.642803306253707,
        -6.642803306253707,
        -6.642803306253707,
        -6.642803306253707,
        -6.642803306253707,
        -6.642803306253707,
        -6.642803306253707,
        -6.642803306253707,
        -6.642803306253707
      ],
      "sens": "descend",
      "amplitude": 0.09831412110088422
    },